{"sigv": [0.20000000000000004, 0.22506711652015304, 0.25327603469348065, 0.2850205340605997, 0.3207437487502661, 0.36094435336543407, 0.4061835241809472, 0.4570927728269982, 0.514382761811869, 0.5788532249433502, 0.6514041311319567, 0.7330482474159257, 0.8249252765802706, 0.9283177667225558, 1.0446690148533686, 1.1756032144549826, 1.32294812824603, 1.488760602650338, 1.6753552801365839, 1.8853369102357707, 2.1216367102788967, 2.387553283428873, 2.6867986651978004, 3.023550141231325, 3.4025085597051787, 3.8289639523399157, 4.308869380063768, 4.848924034164657, 5.456666752973537, 6.1405812595157006, 6.910214589184437, 7.776310360616176, 8.75095875014837, 9.84776526341348, 11.082040660018984, 12.471014682547827, 14.034076573407654, 15.793045736999451, 17.772476325486807, 20.000000000000004], "M": 3120.0, "L": 400.0, "dim": 2.0, "gamma": 0.85, "kappa": 3.333333333333333, "psi": 0.0, "nu": 0.5}
