{"sigv": [0.20000000000000004, 0.31748021039363994, 0.5039684199579493, 0.8], "M": 2600.0, "L": 500.0, "dim": 2.0, "gamma": 0.85, "kappa": 3.333333333333333, "psi": 0.0, "nu": 0.5}
