{"sigv": [0.12, 0.156, 0.192, 0.22799999999999998, 0.264, 0.3], "M": 5200.0, "xmin": [150, 110, 80, 70], "nu": 0.4, "gamma": 0.85, "q": 2.0, "phi": 100.0, "kappa": 3.333333333333333, "psi": 0.0}