{"sigv": [0.20000000000000004, 0.24230553172571775, 0.29355985352441394, 0.3556558820077846, 0.4308869380063768, 0.5220314431365074, 0.632455532033676, 0.7662373699114575, 0.9283177667225558, 1.1246826503806984, 1.3625841381159225, 1.650808370536037, 2.0000000000000004, 2.4230553172571767, 2.9355985352441385, 3.556558820077846, 4.308869380063768, 5.220314431365073, 6.32455532033676, 7.662373699114575, 9.283177667225555, 11.246826503806982, 13.625841381159224, 16.508083705360367, 20.000000000000004], "M": 5200.0, "L": 400.0, "nu": 0.5, "dim": 2.0, "gamma": 0.85, "q": 2.0, "phi": [0.01, 0.015, 0.023, 0.035, 0.053, 0.08], "kappa": 3.333333333333333, "psi": 0.0}