{"sigv": [0.1, 0.12173570475023514, 0.1481958181103642, 0.1804072235870285, 0.21962000505400156, 0.2673559609249908, 0.32546766322380094, 0.3962103535596159, 0.48232946619919675, 0.5871671748956393, 0.7147920984212522, 0.8701571985121059, 1.0592919980436148, 1.2895365791812416, 1.5698264426783584, 1.9110392833500454, 2.3264171396400206, 2.832080300371041, 3.4476529127492626, 4.197024570677324, 5.109277439654571, 6.219814898808265, 7.571735501224365, 9.21750557423923, 11.22099537119234, 13.659957795112257, 16.629045890464585, 20.243486207997076, 24.64355060132189, 29.999999999999996], "M": 10400.0, "L": 200.0, "nu": 0.4, "dim": 2.0, "gamma": 0.8, "q": 2.0, "phi": [0.01, 0.015, 0.023, 0.035, 0.053, 0.08], "kappa": 2.5000000000000004, "psi": 0.0}