{"M": 2600.0, "L": 400.0, "nu": 0.5, "dim": 3.0, "gamma": 0.85, "phi": [0.65, 0.5279461781739776, 0.4288110262284758, 0.34829098839413086, 0.2828906095617208, 0.22977079409141132, 0.1866255578408624, 0.15158192309487675, 0.12311861073569534, 0.1, 0.098, 0.08592179034497442, 0.07533218424577288, 0.06604771572443148, 0.057907530441215015, 0.05077059887719696, 0.0445132729838297, 0.039027143968216646, 0.03421716410000248, 0.029999999999999995, 0.029999999999999995, 0.026552644562143804, 0.023501431108118167, 0.02080083823051904, 0.01841057547098748, 0.01629498222218846, 0.014422495703074084, 0.012765180070092415, 0.01129830963909753, 0.01], "kappa": 3.333333333333333, "psi": 0.0, "q": 2.0}