{"M": 7800.0, "L": 400.0, "nu": 0.0, "epsilon_sigma": 0.2, "epsilon_m": 0.01, "pcn_prec": 35.0, "mcpc_prec": 70.0, "dim": 2.0, "gamma": 0.85, "phi": [0.65, 0.5764736323458522, 0.5112643827538778, 0.45343143971567346, 0.4021404139580054, 0.3566513002268244, 0.31630780080404364, 0.28052785672128505, 0.24879525005894748, 0.22065215617211684, 0.19569253838997602, 0.17355628989023003, 0.1539240382299855, 0.13651253757504847, 0.12107058214867353, 0.10737538194072721, 0.09522934838752951, 0.08445724364751962, 0.07490365234369885, 0.06643073929621991, 0.0589162608946342, 0.05225180141871637, 0.046341208862248545, 0.04109920769248956, 0.03645016853080927, 0.03232701700396012, 0.028670266023352334, 0.025427157530467353, 0.022550901325874922, 0.020000000000000004, 0.020000000000000004, 0.018517494245745808, 0.01714487965706146, 0.015874010519681993, 0.01469734492275599, 0.01360790000174377, 0.012599210498948734, 0.011665290395761165, 0.010800597388923064, 0.01], "kappa": 3.333333333333333, "psi": 0.0, "q": 2.0}