{"M": 1560.0, "xmina": [300.0, 300.0, 300.0, 300.0, 300.0], "q": 2.0, "dim": 2.0, "phi": 100.0, "kappa": [3.333333333333333, 2.5000000000000004, 3.846153846153846, 2.7777777777777772, 5.000000000000001], "psi": 0.0, "Msample": 1100000.0, "Lsample": 900.0}