{"sigv": [0.25, 0.3, 0.35, 0.4, 0.44999999999999996, 0.5, 0.55, 0.6], "M": 5200.0, "xmin": [300.0, 300.0, 300.0, 300.0, 300.0, 300.0, 300.0, 300.0, 300.0, 300.0, 300.0, 300.0, 300.0, 300.0], "nu": 0.5, "gamma": 0.85, "q": 2.0, "phi": 100.0, "kappa": 3.333333333333333, "psi": 0.0}