{"M": 10400.0, "L": 200.0, "dim": 2.0, "gamma": 0.8, "phi": [1.0, 0.7023121918819962, 0.493242414866094, 0.34641016151377546, 0.243288079822936, 0.17086418459920827, 0.11999999999999998, 0.11, 0.09774516462318647, 0.08685561097467115, 0.07717923630151524, 0.06858088325257654, 0.060940452032060215, 0.054151222873501145, 0.048118365402883924, 0.042757614070032104, 0.03799409114699965, 0.033761260853380305, 0.029999999999999995, 0.029999999999999995, 0.02498049532966812, 0.02080083823051904, 0.017320508075688777, 0.014422495703074084, 0.012009369551760024, 0.01], "kappa": 2.5000000000000004, "psi": 0.0, "q": 2.0}