{"M": 7800.0, "L": 400.0, "nu": 0.5, "dim": 2.0, "gamma": 0.85, "phi": [1.5, 1.2361886179183463, 1.0187748660472475, 0.8395985957525967, 0.6919348184597245, 0.5702412979475391, 0.4699505346598215, 0.38729833462074176, 0.3191825286645946, 0.2630465393157121, 0.216783425256596, 0.1786568019037044, 0.1472356700180347, 0.12134070628525066, 0.1, 0.098, 0.09208055477821205, 0.08651865885982965, 0.08129271537224474, 0.07638243194799574, 0.0717687419293926, 0.06743373033257959, 0.06336056428355381, 0.059533427656022445, 0.05593745965729693, 0.052558697123752614, 0.04938402030178733, 0.04640110190374553, 0.043598359240992236, 0.040964909248268906, 0.03849052622469092, 0.036165602127294486, 0.033981109262952655, 0.031928565233793074, 0.029999999999999995, 0.029999999999999995, 0.026552644562143804, 0.023501431108118167, 0.02080083823051904, 0.01841057547098748, 0.01629498222218846, 0.014422495703074084, 0.012765180070092415, 0.01129830963909753, 0.01], "kappa": 3.333333333333333, "psi": 0.0, "q": 2.0}